{
  "asset_class": "crypto",
  "params": {
    "alignment_threshold": 0.85,
    "risk_reward": 2.0,
    "leverage": 18,
    "risk_per_trade": 0.009000000000000001
  },
  "cross_window_metrics": {
    "w0": {
      "pf_real": 14.585149197128768,
      "winrate_real": 0.7951807228915663,
      "trades": 111,
      "dd": -0.07722902419469735,
      "sharpe": 14.189843663457545
    },
    "w1": {
      "pf_real": 13.138123369044859,
      "winrate_real": 0.8059701492537313,
      "trades": 137,
      "dd": -0.019403057771784853,
      "sharpe": 9.2391325807424
    },
    "w2": {
      "pf_real": 36.92485727382263,
      "winrate_real": 0.9166666666666666,
      "trades": 76,
      "dd": -0.01003947353874484,
      "sharpe": 13.732121835387828
    }
  },
  "min_pf": 13.138123369044859,
  "mean_pf": 21.549376613332086,
  "is_evergreen": true,
  "n_candidates_tested": 23,
  "n_evergreen_found": 23
}