{
  "asset_class": "stocks",
  "params": {
    "alignment_threshold": 0.85,
    "risk_reward": 2.5,
    "leverage": 1,
    "risk_per_trade": 0.015,
    "be_ratchet_r": 1.0,
    "timeout_rr_threshold": 0.3,
    "max_hold_bars": 288
  },
  "cross_window_metrics": {
    "w0": {
      "pf_real": 9.0963255154825,
      "winrate_real": 0.7,
      "trades": 13,
      "dd": -0.03978568721276599,
      "sharpe": 11.841205928347796
    },
    "w1": {
      "pf_real": 4.938749704244395,
      "winrate_real": 0.6,
      "trades": 18,
      "dd": -0.0252172280341144,
      "sharpe": 7.755683704663865
    },
    "w2": {
      "pf_real": 3.4474902276081827,
      "winrate_real": 0.4,
      "trades": 12,
      "dd": -0.02510653715500724,
      "sharpe": 4.226416000492324
    }
  },
  "min_pf": 3.4474902276081827,
  "mean_pf": 5.827521815778359,
  "is_evergreen": true,
  "confidence": "medium",
  "n_candidates_tested": 3024,
  "n_evergreen_found": 576,
  "warnings": []
}