{
  "asset_class": "stocks",
  "params": {
    "alignment_threshold": 0.9,
    "risk_reward": 2.0,
    "leverage": 3.0,
    "risk_per_trade": 0.01
  },
  "cross_window_metrics": {
    "w0": {
      "pf_real": 17.29706714359763,
      "winrate_real": 0.7692307692307693,
      "trades": 33,
      "dd": -0.014094110439704183,
      "sharpe": 14.301205633629186
    },
    "w1": {
      "pf_real": 13.199637259487291,
      "winrate_real": 0.7058823529411765,
      "trades": 42,
      "dd": -0.03024128597975345,
      "sharpe": 12.516870957958108
    },
    "w2": {
      "pf_real": 6.23631042051552,
      "winrate_real": 0.5384615384615384,
      "trades": 35,
      "dd": -0.06734241980066619,
      "sharpe": 7.790107154905381
    }
  },
  "min_pf": 6.23631042051552,
  "mean_pf": 12.244338274533481,
  "is_evergreen": true,
  "n_candidates_tested": 19,
  "n_evergreen_found": 19
}