{
  "asset_class": "stocks",
  "params": {
    "alignment_threshold": 0.8,
    "risk_reward": 2.5,
    "leverage": 1,
    "risk_per_trade": 0.015,
    "be_ratchet_r": 1.5,
    "timeout_rr_threshold": 0.5,
    "max_hold_bars": 576
  },
  "cross_window_metrics": {
    "w0": {
      "pf_real": 2.0940426993310455,
      "winrate_real": 0.3225806451612903,
      "trades": 36,
      "dd": -0.06657903995339177,
      "sharpe": 3.989240883493793
    },
    "w1": {
      "pf_real": 2.552827222503666,
      "winrate_real": 0.37142857142857144,
      "trades": 44,
      "dd": -0.05764634531126605,
      "sharpe": 4.555089471441949
    },
    "w2": {
      "pf_real": 2.2662484503555644,
      "winrate_real": 0.4230769230769231,
      "trades": 34,
      "dd": -0.03458243548428518,
      "sharpe": 4.574824146477969
    }
  },
  "min_pf": 2.0940426993310455,
  "mean_pf": 2.304372790730092,
  "is_evergreen": true,
  "confidence": "high",
  "n_candidates_tested": 216,
  "n_evergreen_found": 3,
  "warnings": []
}