{
  "asset_class": "commodities",
  "params": {
    "alignment_threshold": 0.75,
    "risk_reward": 2.0,
    "leverage": 18,
    "risk_per_trade": 0.013999999999999999
  },
  "cross_window_metrics": {
    "w0": {
      "pf_real": 1.533954967398767,
      "winrate_real": 0.4,
      "trades": 8,
      "dd": -0.009740204147109466,
      "sharpe": 2.6801616401099255
    },
    "w1": {
      "pf_real": 7.211951737108695,
      "winrate_real": 0.7058823529411765,
      "trades": 21,
      "dd": -0.03160727099350272,
      "sharpe": 11.875047653473208
    },
    "w2": {
      "pf_real": 13.972016696869234,
      "winrate_real": 0.8571428571428571,
      "trades": 23,
      "dd": -0.028233865324669438,
      "sharpe": 11.294109900945637
    }
  },
  "min_pf": 1.533954967398767,
  "mean_pf": 7.5726411337922315,
  "is_evergreen": true,
  "n_candidates_tested": 43,
  "n_evergreen_found": 26
}